movieRow,电影ID,电影名称
0,3541415,盗梦空间
1,1889243,星际穿越
2,1292064,楚门的世界
3,2131459,机器人总动员
4,1851857,蝙蝠侠：黑暗骑士
5,1291843,黑客帝国
6,1865703,红辣椒
7,1291936,攻壳机动队
8,25964630,黑镜：圣诞特别篇
9,27040774,超感猎杀：完结特别篇
10,1292343,蝴蝶效应
11,3395373,蝙蝠侠：黑暗骑士崛起
12,1292226,2001太空漫游
13,1291566,攻壳机动队2：无罪
14,1652587,阿凡达
15,11026735,超能陆战队
16,1302467,黑客帝国3：矩阵革命
17,1298107,大都会
18,1291844,终结者2：审判日
19,1300117,千钧一发
20,1300555,回到未来
21,3592854,疯狂的麦克斯4：狂暴之路
22,1302827,人工智能
23,1304141,黑客帝国2：重装上阵
24,1307897,回忆三部曲
25,4920389,头号玩家
26,26374197,蜘蛛侠：平行宇宙
27,25807345,彗星来的那一夜
28,1309069,蝙蝠侠：侠影之谜
29,1937946,穿越时空的少女
30,1292233,发条橙
31,1294638,E.T.外星人
32,1291839,银翼杀手
33,1972698,守望者
34,26100958,复仇者联盟4：终局之战
35,3075287,源代码
36,25864085,火星救援
37,30391186,蜘蛛侠：纵横宇宙
38,1292659,变脸
39,2300586,这个男人来自地球
40,1292347,黑客帝国动画版
41,1292529,机器管家
42,3073124,月球
43,1308777,暖暖内含光
44,1296666,回到未来3
45,1293838,星球大战
46,1307547,星际宝贝
47,1432146,钢铁侠
48,6722879,她
49,1299092,回到未来2
50,1309078,星球大战前传3：西斯的反击
51,1295656,潜行者
52,26897885,芬奇
53,1306607,K星异客
54,1302770,阿基拉
55,5162334,她的回忆
56,35267208,流浪地球2
57,1866479,复仇者联盟
58,1300977,飞向太空
59,26258779,银河护卫队3
60,1308779,后天
61,10512661,银翼杀手2049
62,1291989,原始星球
63,1294183,黑洞频率
64,1794171,变形金刚
65,3006772,第九区
66,25765735,金刚狼3：殊死一战
67,1295647,超时空接触
68,1306809,生化危机
69,1300282,异次元骇客
70,1301445,黑衣人
71,1292523,侏罗纪公园
72,1296528,星球大战2：帝国反击战
73,1300868,异形
74,1972729,铁甲钢拳
75,1297151,星球大战3：绝地归来
76,24718965,正义联盟：闪点悖论
77,4746257,明日边缘
78,10485647,X战警：逆转未来
79,35575567,沙丘2
80,3274505,猩球崛起
81,3168089,X战警：第一战
82,1308843,我，机器人
83,1298744,十二猴子
84,1300656,终结者
85,27093707,升级
86,24773958,复仇者联盟3：无限战争
87,3530403,云图
88,2076181,无姓之人
89,1294362,星球大战前传1：幽灵的威胁
90,7065154,银河护卫队
91,1293863,钢铁巨人
92,1306612,蜘蛛侠
93,1945330,迷雾
94,35076714,扎克·施奈德版正义联盟
95,1293013,独立日
96,1422063,最终幻想7：圣子降临
97,2132932,星际迷航
98,1293792,异形2
99,34941536,宇宙探索编辑部
100,1296141,控方证人
101,1307914,无间道
102,1395091,未麻的部屋
103,1292000,搏击俱乐部
104,1293181,惊魂记
105,2334904,禁闭岛
106,1293544,沉默的羔羊
107,1780330,致命魔术
108,1297192,致命ID
109,1300299,杀人回忆
110,1297630,第六感
111,1291992,末路狂花
112,26580232,看不见的客人
113,1292223,七宗罪
114,1307106,无间道2
115,1397546,追随
116,1424334,洞
117,1578507,谍影重重3
118,1301231,电话谋杀案
119,27119724,小丑
120,21318488,消失的爱人
121,1304447,记忆碎片
122,1417598,电锯惊魂
123,1292348,洛城机密
124,1428175,血钻
125,1308767,谍影重重2
126,2297265,浪潮
127,1299080,后窗
128,25986180,釜山行
129,1978709,黑天鹅
130,1292515,用心棒
131,1304102,谍影重重
132,1297294,迷魂记
133,4826419,金福南杀人事件始末
134,1292214,非常嫌疑犯
135,1299900,亚当斯一家的价值观
136,3011051,恐怖游轮
137,2027938,神探
138,27615441,网络谜踪
139,4304402,精英部队2：大敌当前
140,1302642,花火
141,3734112,风声
142,1296519,喋血双雄
143,1292217,穆赫兰道
144,3068206,碟中谍4
145,1309220,黑社会
146,1857099,老无所依
147,1295686,盗火线
148,1293434,王牌对王牌
149,3006309,追击者
150,1309045,电锯惊魂2
151,1299603,落水狗
152,26794701,孟买酒店
153,1309027,罪恶之城
154,1298909,魔鬼代言人
155,2028666,换子疑云
156,1291580,杀死比尔
157,1298759,狗镇
158,1292230,刺杀肯尼迪
159,1301582,苦月亮
160,1292850,危情十日
161,1292646,情枭的黎明
162,1294991,精武门
163,1308865,老男孩
164,1484760,黑社会2：以和为贵
165,1299327,夜访吸血鬼
166,1292484,碟中谍
167,2124586,飓风营救
168,1790577,放·逐
169,1294438,假面
170,1301746,汉尼拔
171,30334073,调音师
172,25750969,夜行者
173,1295045,天才瑞普利
174,1307694,无间道3：终极无间
175,1292553,真实的谎言
176,1293310,椿三十郎
177,3011308,孤儿怨
178,1306870,猛龙过江
179,1295644,这个杀手不太冷
180,1291552,指环王3：王者无敌
181,1291572,指环王2：双塔奇兵
182,1295399,七武士
183,1291571,指环王1：护戒使者
184,3742360,让子弹飞
185,35853587,进击的巨人 最终季 完结篇 前篇
186,1294639,勇敢的心
187,1291543,功夫
188,36283000,进击的巨人 最终季 完结篇 后篇
189,1298070,加勒比海盗
190,1295409,纵横四海
191,6307447,被解救的姜戈
192,1300741,枪火
193,3726072,东邪西毒：终极版
194,1292287,新龙门客栈
195,1292328,东邪西毒
196,1297574,英雄本色
197,1291824,黑鹰坠落
198,1304920,切腹
199,1298898,暗战
200,2973079,霍比特人3：五军之战
201,1296196,乱
202,1292895,精武英雄
203,1292728,勇闯夺命岛
204,1293530,角斗士
205,3743114,黄海
206,1966182,霍比特人1：意外之旅
207,11606328,霍比特人2：史矛革之战
208,4286017,速度与激情5
209,23761370,速度与激情7
210,1307739,国产凌凌漆
211,2124703,疯狂的赛车
212,24405378,王牌特工：特工学院
213,1450031,启示
214,26393561,小萝莉的猴神大叔
215,1315574,加勒比海盗2：亡灵的宝藏
216,1418192,加勒比海盗3：世界的尽头
217,1298443,黄飞鸿
218,1297862,英雄本色2
219,3042261,西线无战事
220,1295933,僵尸先生
221,1293422,监狱风云
222,1297223,鹿鼎记
223,24723061,魁拔Ⅲ战神崛起
224,1297710,天若有情
225,1301198,少林寺
226,1292450,暗花
227,26861685,红海行动
228,3821067,一代宗师
229,1291550,天下无贼
230,1293475,黄飞鸿之二：男儿当自强
231,1297747,少林足球
232,5294851,控方证人
233,1900841,窃听风暴
234,1300374,绿里奇迹
235,10583098,十二怒汉（电视版）
236,25917973,心迷宫
237,1309055,哈利·波特与火焰杯
238,4268598,告白
239,25804790,神探夏洛克：最后的誓言
240,1291879,罗生门
241,21360417,恐怖直播
242,1292047,蓝白红三部曲之红
243,1292288,公民凯恩
244,26703158,斯隆女士
245,27113517,血观音
246,1950148,赎罪
247,26419637,误杀瞒天记
248,1305725,大卫·戈尔的一生
249,1302100,尼罗河上的惨案
250,1292699,东方快车谋杀案
251,25977027,小姐
252,1296217,一级恐惧
253,1477916,心理游戏
254,6537486,登堂入室
255,26952704,巴斯特·斯克鲁格斯的歌谣
256,4935242,焦土之城
257,1292547,卡里加里博士的小屋
258,2369845,嫌疑人X的献身
259,7059671,最佳出价
260,24719063,烈日灼心
261,1292049,蓝白红三部曲之白
262,1310176,放大
263,26647117,暴裂无声
264,27024903,天才枪手
265,25955491,罪恶之家
266,1293889,唐人街
267,1295872,西北偏北
268,3036460,母亲
269,11600078,目击者之追凶
270,1301459,小岛惊魂
271,1293824,蝴蝶梦
272,1293226,双重赔偿
273,25932086,我是谁：没有绝对安全的系统
274,1806555,热血警探
275,3660428,金色梦乡
276,30318116,利刃出鞘
277,35698284,关于我和鬼变成家人的那件事
278,1292052,肖申克的救赎
279,1291546,霸王别姬
280,1292722,泰坦尼克号
281,1292720,阿甘正传
282,1292063,美丽人生
283,1295124,辛德勒的名单
284,1461403,茶馆
285,1291561,千与千寻
286,3011091,忠犬八公的故事
287,1418019,大闹天宫
288,1307856,背靠背，脸对脸
289,1293182,十二怒汉
290,1292001,海上钢琴师
291,1293172,末代皇帝
292,1292365,活着
293,1291549,放牛班的春天
294,1291858,鬼子来了
295,6786002,触不可及
296,1422283,高山下的花环
297,1291841,教父
298,5912992,熔炉
299,1300267,乱世佳人
300,21937452,素媛
301,1296736,钢琴家
302,25958717,海蒂和爷爷
303,1299131,教父2
304,3793023,三傻大闹宝莱坞
305,1849031,当幸福来敲门
306,1291818,饮食男女
307,1294371,摩登时代
308,1291548,死亡诗社
309,1291828,天堂电影院
310,1297880,芙蓉镇
311,21937445,辩护人
312,3008247,穿条纹睡衣的男孩
313,1464526,横空出世
314,1303021,小鞋子
315,1929463,少年派的奇幻漂流
316,3319755,怦然心动
317,2129039,飞屋环游记
318,1305487,猫鼠游戏
319,30170448,何以为家
320,1293839,罗马假日
321,1298624,闻香识女人
322,1306029,美丽心灵
323,1292434,一一
324,1292849,拯救大兵瑞恩
325,1294408,音乐之声
326,1293350,两杆大烟枪
327,1292224,飞越疯人院
328,1303913,南海十三郎
329,1293908,城市之光
330,1292262,美国往事
331,26752088,我不是药神
332,6985810,狩猎
333,26387939,摔跤吧！爸爸
334,1959195,忠犬八公物语
335,1292679,春光乍泄
336,1292337,无人知晓
337,1300992,完美的世界
338,1485260,本杰明·巴顿奇事
339,1292656,心灵捕手
340,1303037,喜宴
341,5322596,超脱
342,1300894,城南旧事
343,25814705,小森林 夏秋篇
344,3072124,玛丽和马克思
345,27060077,绿皮书
346,1294240,教父3
347,25814707,小森林 冬春篇
348,1306861,我是山姆
349,4860078,无间道(正序版)
350,1292220,情书
351,1305164,甜蜜蜜
352,1292402,西西里的美丽传说
353,11525673,布达佩斯大饭店
354,1293749,生活多美好
355,1292208,上帝之城
356,1291832,低俗小说
357,1292213,大话西游之大圣娶亲
358,1308807,哈尔的移动城堡
359,1299398,大话西游之月光宝盒
360,1291831,灿烂人生
361,1293460,雨中曲
362,1308038,牧马人
363,25938803,莫娣
364,1291990,爱在日落黄昏时
365,1297052,侧耳倾听
366,10808442,爱在午夜降临前
367,5908478,我爱你
368,1769507,沉静如海
369,34908189,老友记重聚特辑
370,1302425,喜剧之王
371,1291999,重庆森林
372,1297447,倩女幽魂
373,1291557,花样年华
374,1291875,阳光灿烂的日子
375,26799731,请以你的名字呼唤我
376,1418834,断背山
377,1296339,爱在黎明破晓前
378,10577869,时空恋旅人
379,1292274,幸福终点站
380,1291545,大鱼
381,5989818,萤火之森
382,1298817,淘金记
383,1293964,魂断蓝桥
384,1307394,千年女优
385,1306249,唐伯虎点秋香
386,1828115,色，戒
387,1292370,剪刀手爱德华
388,1292215,天使爱美丽
389,1418200,傲慢与偏见
390,10484041,横道世之介
391,1303418,你逃我也逃
392,6860160,悲惨世界
393,1295865,燃情岁月
394,26344688,同级生
395,1293929,廊桥遗梦
396,1303394,青蛇
397,30257175,燃烧女子的肖像
398,1296753,卡萨布兰卡
399,2209573,贫民窟的百万富翁
400,34874432,花束般的恋爱
401,2213597,朗读者
402,1292330,恋恋风尘
403,6874403,再次出发之纽约遇见你
404,27202818,婚姻故事
405,4719384,哀乐中年
406,1293456,莫里斯
407,26683290,你的名字。
408,1293414,阮玲玉
409,4739952,初恋这件小事
410,1305690,阿飞正传
411,1300613,土拨鼠之日
412,1292401,真爱至上
413,1421278,面子
414,1309163,恋恋笔记本
415,1310159,梁祝
416,1299288,胭脂扣
417,1300064,家有喜事
418,1323746,小城之春
419,1306505,红高粱
420,1293071,野草莓
421,1294417,笑傲江湖2：东方不败
422,1303408,福尔摩斯二世
423,1292062,美国丽人
424,1291588,岁月的童话
425,1300960,碧海蓝天
426,1301617,不一样的天空
427,1291853,英国病人
428,1292225,闪灵
429,1303083,怪谈
430,30234315,摄影机不要停！
431,10485526,潜伏2
432,1302393,僵尸叔叔
433,1299765,回魂夜
434,1293852,罗斯玛丽的婴儿
435,3804629,招魂
436,1296794,怪形
437,1474189,电锯惊魂3
438,1418752,万能钥匙
439,22715021,僵尸
440,1308752,生化危机2：启示录
441,1472783,一眉道人
442,1295255,圣血
443,1300300,死神来了
444,1895120,死寂
445,26725678,解除好友2：暗网
446,24860563,招魂2
447,4817901,潜伏
448,1297203,着魔
449,1301715,美国精神病人
450,3075983,电锯惊魂6
451,1304665,X圣治
452,1305789,新僵尸先生
453,26688480,逃出绝命镇
454,1299374,我左眼见到鬼
455,1820145,理发师陶德
456,1296791,诺斯费拉图
457,1922273,电锯惊魂4
458,2350904,电锯惊魂5
459,3878157,电锯惊魂7
460,25794230,吸血鬼生活
461,1401124,黑太阳731
462,1466007,寂静岭
463,1461079,咒怨 录像带版
464,1293124,惊情四百年
465,1773217,鬼影
466,1296078,断头谷
467,1305323,死亡之夜
468,1299153,异形4
469,1293755,驱魔人
470,1300377,群尸玩过界
471,1482090,刑房
472,2377539,暗夜恐惧
473,1303917,阴阳师
474,2336783,科学怪狗
475,2132473,僵尸世界大战
476,1763134,汉江怪物
477,1422908,鬼打鬼
478,3143676,林中小屋
479,25767747,故事的故事
480,1308755,僵尸肖恩
481,1793903,幻影凶间
482,1306808,咒怨
483,4180445,双宝斗恶魔
484,1307696,午夜凶铃
485,26339213,无名女尸
486,1437109,黑暗侵袭
487,5346468,生化危机：诅咒
488,2255841,死亡录像
489,1293515,极度深寒
490,1303460,战栗黑洞
491,1293925,橡皮头
492,1293171,入侵脑细胞
493,1308554,咒怨2
494,1482911,生化危机3：灭绝
495,35792500,异形：夺命舰
496,3604148,小丑回魂
497,1303184,异度空间
498,1307956,死神来了2
499,6021916,温暖的尸体
500,2968813,生人勿进
501,1309088,活死人黎明
502,3066798,僵尸至尊
503,1303472,双峰：与火同行
504,1305388,世界奇妙物语 电影特别篇
505,1308995,捉迷藏
506,35801819,珀尔
507,26961821,马柔本宅秘事
508,1292664,魔女嘉莉
509,1305611,异教徒
510,1301409,杀出个黎明
511,11803087,异形：契约
512,1303944,鬼咬鬼
513,25774050,寄生兽
514,1432779,他人之颜
515,1853768,蝙蝠
516,1295629,杀手阿一
517,1457127,迷宫物语
518,1304021,人吓人
519,25662329,疯狂动物城
520,20495023,寻梦环游记
521,1310177,东京教父
522,1295646,大独裁者
523,1293359,菊次郎的夏天
524,10777687,7号房的礼物
525,1858711,玩具总动员3
526,3796613,与玛格丽特的午后
527,1296909,虎口脱险
528,1291579,怪兽电力公司
529,10533913,头脑特工队
530,4917726,阳光姐妹淘
531,24750126,荒蛮故事
532,1307697,芝加哥
533,1297518,九品芝麻官
534,1316510,射雕英雄传之东成西就
535,3287562,神偷奶爸
536,27059130,大佛普拉斯
537,1907966,疯狂原始人
538,6534248,无敌破坏王
539,1867345,遗愿清单
540,1322848,奇爱博士
541,1293270,寻子遇仙记
542,1890572,坠入
543,1862151,疯狂的石头
544,27119586,谁先爱上他的
545,1291578,冰川时代
546,2133323,白日梦想家
547,27000061,我能说
548,1292574,热情如火
549,1793491,美食总动员
550,1291575,玩具总动员
551,1302476,麦兜故事
552,1297478,上帝也疯狂
553,21359690,熊出没之过年
554,1292055,再见列宁
555,1291838,红猪
556,3007773,海盗电台
557,1759386,了不起的狐狸爸爸
558,6019180,开心家族
559,4202982,冰雪奇缘
560,4876722,钢的琴
561,1293374,热天午后
562,26614893,完美陌生人
563,2132220,三毛从军记
564,1300883,赌神
565,1296436,有话好好说
566,1291586,海底总动员
567,1853621,落叶归根
568,1297418,麻将
569,6850547,玩具总动员4
570,25884416,麦兜·我和我妈妈
571,1434269,黑炮事件
572,1291565,疯狂约会美丽都
573,3157605,巴黎淘气帮
574,1291574,玩具总动员2
575,26794435,哪吒之魔童降世
576,1295684,一夜风流
577,1296987,安妮·霍尔
578,1291560,龙猫
579,1291583,天空之城
580,1428581,天书奇谭
581,1307315,哪吒闹海
582,1301753,狮子王
583,35426925,机器人之梦
584,4202302,借东西的小人阿莉埃蒂
585,1297359,幽灵公主
586,1291585,风之谷
587,4848115,你看起来好像很好吃
588,35315950,灌篮高手
589,2353023,驯龙高手
590,3062897,葫芦兄弟
591,5327189,伦敦一家人
592,24733428,心灵奇旅
593,11584019,海洋之歌
594,1307811,魔女宅急便
595,1293318,萤火虫之墓
596,6518638,艾特熊和赛娜鼠
597,26972694,狐妖小红娘剧场版：月红篇
598,1959877,崖上的波妞
599,3012377,神兵小将
600,1962116,我在伊朗长大
601,26946612,狐妖小红娘剧场版：王权富贵
602,1299643,宝莲灯
603,26858510,克劳斯：圣诞节的秘密
604,7064681,狼的孩子雨和雪
605,2982823,河童之夏
606,1417728,我的邻居山田君
607,1780256,金猴降妖
608,25837262,至爱梵高·星空之谜
609,10772258,麦兜·当当伴我心
610,1297995,美女与野兽
611,1303907,百变狸猫
612,1921583,魔术师
613,20645098,小王子
614,1293120,小美人鱼
615,36090457,头脑特工队2
616,1919245,鬼妈妈
617,1296157,迷墙
618,4099231,辉夜姬物语
619,26277313,西游记之大圣归来
620,36035676,长安三万里
621,11502154,邋遢大王奇遇记
622,35144311,雄狮少年
623,2043546,秒速5厘米
624,25861610,熊出没之年货
625,1297756,白雪公主和七个小矮人
626,3789848,怪兽大学
627,3765826,蒙古草原，天气晴
628,26236632,三十二
629,27615467,大法官金斯伯格
630,3442220,海豚湾
631,4167113,久石让在武道馆：与宫崎骏动画一同走过的25年
632,35185752,我的章鱼老师
633,26602234,冲天
634,10741871,地球之盐
635,36491177,坂本龙一：杰作
636,4073872,算命
637,7015798,寻找小糖人
638,3018123,家园
639,3443389,海洋
640,2123440,人生七年2
641,34679722,女人
642,26764928,脸庞，村庄
643,3595323,旅行到宇宙边缘
644,30263943,日本之耻
645,1292281,迁徙的鸟
646,30163799,那天，大海
647,10748226,人生七年8
648,30330264,最大的小小农场
649,1958031,平衡
650,35417202,地球改变之年
651,26334244,穹顶之下
652,35694766,火山挚恋
653,2342568,含泪活着
654,1482936,人生七年4
655,35024535,摩登家庭：摩登式告别
656,34994748,登山家
657,1778459,人生七年6
658,1292285,微观世界
659,26276373,攀登梅鲁峰
660,30479900,我真正的天才女友
661,1847588,人生七年7
662,27115563,珍·古道尔的传奇一生
663,1778460,人生七年5
664,6758119,哈利·波特系列的50个精彩瞬间
665,3057368,抢救切尔诺贝利
666,5208150,轮回
667,5387041,浮生一日
668,4603382,兰迪·波许教授的最后一课
669,4836985,我们都为比尔着盛装
670,35470753,1950他们正年轻
671,30423539,阿涅斯论瓦尔达
672,33413473,泰国洞穴救援
673,25971044,长江
674,30391726,蜂蜜之地
675,27101775,共犯者们
676,27191492,四个春天
677,5265182,姑奶奶
678,30167509,徒手攀岩
679,1293199,持摄影机的人
680,26334993,科比的缪斯
681,3920977,就是这样
682,26914034,不了神话 宫崎骏
683,34968314,隐秘的爱
684,2328234,地球公民
685,26707093,超音速
686,30346866,梦的背后
687,3724118,龙哥
688,25785114,互联网之子
689,5355067,被遗忘的时光
690,26336727,印度的女儿
691,26430107,二十二
692,26836588,生门
693,4843480,监守自盗
694,1401526,摄氏零度·春光再现
695,1369747,帝企鹅日记
696,22559478,再见，我的新郎
697,3737081,摇滚本事
698,21356379,寻找薇薇安·迈尔
699,26235647,他们在岛屿写作：如歌的行板
700,6872214,万物与虚无
701,26974345,福原爱：镜头下的四分之一个世纪
702,30157353,黎明墙
703,34907421,美利坚女士
704,1291857,乐士浮生录
705,34960008,监视资本主义：智能陷阱
706,6146955,寿司之神
707,3394878,音乐人生
708,5157872,冰山的阴影
709,3718778,永远的车神
710,35158157,好好拍电影
711,2264077,地球
